Gene_File	Gene_Name	Average_Identity(%)
COQ5_1	COQ5_1	99.27
COQ5_2	COQ5_2	99.63
IMPDH	IMPDH	99.75
accA	accA	95.96
accB	accB	99.49
accC_2___accC_1___accC	accC_2___accC_1___accC	80.98
accD	accD	98.78
ackA	ackA	98.68
acoA	acoA	99.35
acpP_1	acpP_1	99.12
acpP_2	acpP_2	99.60
acpS	acpS	99.34
act___nudF	act___nudF	99.34
acyP	acyP	99.52
adcR	adcR	99.56
addA	addA	99.48
adeP	adeP	99.49
adh	adh	78.69
adhA	adhA	99.37
adhE	adhE	98.82
adk	adk	99.63
agaA	agaA	99.26
agaC_1	agaC_1	98.11
agaC_2	agaC_2	99.57
agaS	agaS	95.55
agrA	agrA	99.48
ahpC	ahpC	99.59
ahpF	ahpF	98.39
alaA	alaA	98.74
alaS	alaS	98.93
alr	alr	97.06
alsT	alsT	99.36
ansB	ansB	99.58
apbE	apbE	98.38
aphA	aphA	99.91
apt	apt	99.11
araD	araD	98.08
araQ_1	araQ_1	97.49
araQ_2	araQ_2	99.31
araR	araR	97.71
arcA	arcA	98.85
arcB	arcB	99.46
arcC1	arcC1	98.37
argR_1	argR_1	99.64
argR_2	argR_2	99.17
argR_3	argR_3	99.72
argS	argS	98.88
arlR_1	arlR_1	99.51
arlR_2	arlR_2	99.49
arlS___sasA_1	arlS___sasA_1	97.79
arnC	arnC	81.07
aroA_1	aroA_1	99.40
aroA_2	aroA_2	99.61
aroB	aroB	99.27
aroC	aroC	99.41
aroD	aroD	99.84
aroE_1	aroE_1	99.67
aroE_2	aroE_2	99.59
aroK	aroK	99.60
arsC	arsC	99.12
artM_1	artM_1	99.79
artM_2	artM_2	99.12
artQ_2	artQ_2	99.79
asnA	asnA	99.30
asnS_2	asnS_2	99.59
aspB	aspB	99.56
aspS	aspS	99.30
atoA___ctfB_2	atoA___ctfB_2	81.63
atoD_1	atoD_1	99.42
atoD_2	atoD_2	95.76
atoE	atoE	99.24
atpA	atpA	99.19
atpB	atpB	99.40
atpC	atpC	98.14
atpD	atpD	98.30
atpE	atpE	98.87
atpF	atpF	99.56
atpG	atpG	99.42
atpH	atpH	99.43
axe16A	axe16A	99.60
azoR	azoR	94.46
bceA	bceA	96.58
bceB___yxdM	bceB___yxdM	94.58
bcrA_2	bcrA_2	99.50
bdhA	bdhA	66.28
bepA	bepA	99.38
bfmBAB	bfmBAB	99.10
bglF	bglF	99.55
bglH	bglH	99.61
bglK_1	bglK_1	99.27
bglK_2	bglK_2	98.33
bioY	bioY	97.79
birA	birA	99.58
brnQ	brnQ	98.00
btuD_1	btuD_1	99.75
btuD_3	btuD_3	99.58
butA_1___butA_2___butA	butA_1___butA_2___butA	69.20
cadC	cadC	96.77
carA	carA	99.73
carB	carB	99.60
catE	catE	61.43
cca	cca	98.25
ccpA	ccpA	99.67
cdaA	cdaA	99.45
cdaR	cdaR	99.64
cdd	cdd	99.66
celA_1	celA_1	99.08
celA_2	celA_2	99.49
celB	celB	81.36
chbA	chbA	99.29
cimH	cimH	98.65
cinA	cinA	99.29
citC	citC	97.63
clcA	clcA	99.62
clcB	clcB	99.31
clpC_1	clpC_1	99.48
clpC_2	clpC_2	99.47
clpE	clpE	98.68
clpP	clpP	99.54
clpX	clpX	98.63
clsA	clsA	99.75
cmk	cmk	99.55
coaA	coaA	99.49
coaBC_1	coaBC_1	99.58
coaBC_2	coaBC_2	99.70
coaD	coaD	99.62
coaE	coaE	99.08
codY	codY	99.69
cof	cof	99.71
comA	comA	99.55
comEA	comEA	99.69
comEC_2___comEC	comEC_2___comEC	76.84
comFA	comFA	92.41
comGA	comGA	99.63
copA	copA	98.12
copR	copR	99.46
copY	copY	93.41
cpnA___bacC	cpnA___bacC	97.73
cshA	cshA	99.64
cshB	cshB	99.58
cspLA	cspLA	99.07
ctfB	ctfB	99.49
ctsR	ctsR	99.91
cutC_1	cutC_1	90.96
cutC_2___pflD	cutC_2___pflD	80.17
cvfB	cvfB	97.95
cysE	cysE	98.32
cysK	cysK	99.48
cysS	cysS	99.49
czcD	czcD	99.04
dacA_1	dacA_1	99.64
dacA_2	dacA_2	94.72
dagK_1	dagK_1	99.75
dagK_1___dagK_2	dagK_1___dagK_2	79.03
dcuR	dcuR	99.29
dcuS	dcuS	99.21
ddl_2	ddl_2	99.23
def_1	def_1	99.62
def_2	def_2	99.73
deoB	deoB	98.76
deoC	deoC	99.55
deoD_2	deoD_2	72.82
deoD___deoD_1	deoD___deoD_1	96.65
der	der	98.35
dexB	dexB	96.93
dgkA	dgkA	99.59
dgs	dgs	99.83
dhfR	dhfR	99.63
dinB	dinB	97.31
dinG_1	dinG_1	99.22
dinG_2	dinG_2	79.36
divIB	divIB	99.27
divIVA	divIVA	99.72
dltA	dltA	99.69
dltC	dltC	99.92
dltD	dltD	99.69
dnaA	dnaA	99.88
dnaC	dnaC	99.55
dnaD	dnaD	99.47
dnaE2	dnaE2	99.38
dnaG	dnaG	99.52
dnaI	dnaI	99.63
dnaJ	dnaJ	97.74
dnaK	dnaK	98.76
dnaN	dnaN	99.65
dnaX	dnaX	95.15
dppC	dppC	99.02
dprA	dprA	99.47
dps	dps	99.52
dsbD	dsbD	97.63
dtd	dtd	99.29
dtd3	dtd3	97.29
dusB	dusB	98.21
dut	dut	99.39
ecfA1	ecfA1	99.73
ecfA2	ecfA2	99.73
ecfT_1	ecfT_1	99.33
ecfT_2	ecfT_2	99.89
ecsA_1	ecsA_1	98.88
ecsA_2	ecsA_2	99.87
efp	efp	98.13
endA___endA_1___endA_2	endA___endA_1___endA_2	52.61
engB	engB	99.21
eno_2___eno_1___eno	eno_2___eno_1___eno	79.82
era	era	98.67
eriC	eriC	97.62
ettA	ettA	98.71
exoA	exoA	98.71
ezrA	ezrA	99.69
fabD	fabD	99.56
fabF	fabF	99.50
fabG	fabG	99.48
fabH	fabH	99.56
fabM	fabM	99.42
fabZ	fabZ	97.85
fba	fba	99.74
fbiB	fbiB	99.46
fchA	fchA	96.17
femB	femB	99.54
femX_1	femX_1	99.16
femX_1___femX_2	femX_1___femX_2	98.72
feuC	feuC	99.16
ffh	ffh	98.43
fhs	fhs	97.80
fhs1	fhs1	99.53
fhuD	fhuD	99.44
fmt	fmt	98.86
fni	fni	98.90
folB	folB	99.38
folD	folD	99.53
folE	folE	99.39
folK	folK	97.87
folP	folP	99.29
fpgS_1	fpgS_1	99.17
fpgS_2	fpgS_2	99.21
fpuC___fpuD	fpuC___fpuD	80.53
frr	frr	99.48
fruA	fruA	98.65
fsaA	fsaA	97.96
ftsA	ftsA	99.73
ftsE	ftsE	99.76
ftsH	ftsH	99.75
ftsK	ftsK	97.58
ftsL	ftsL	99.88
ftsW	ftsW	99.58
ftsX	ftsX	99.87
ftsY	ftsY	98.58
ftsZ	ftsZ	99.61
fus	fus	99.52
gabD1	gabD1	97.57
galK	galK	96.95
gap	gap	99.76
gapN	gapN	99.38
garK	garK	95.75
gatA	gatA	98.15
gatB	gatB	97.95
gatC_1	gatC_1	97.13
gatC_2	gatC_2	98.14
gatD	gatD	97.16
gdpP	gdpP	99.68
ggs	ggs	99.76
gla	gla	99.62
glcK	glcK	98.95
glcU	glcU	99.65
gldA	gldA	98.93
glgP	glgP	98.48
glgX	glgX	81.20
glmM	glmM	99.41
glmS	glmS	95.11
glmU	glmU	93.24
glnA	glnA	99.38
glnH	glnH	99.62
glnQ_2	glnQ_2	99.12
glnR	glnR	100.00
gloA	gloA	99.71
glpF	glpF	97.45
glpK	glpK	98.44
glpO	glpO	97.16
gltC	gltC	62.78
gltX	gltX	99.71
glyA	glyA	98.36
glyQ	glyQ	99.16
glyS	glyS	97.11
gmk	gmk	99.63
gmuD_1	gmuD_1	99.58
gmuD_2	gmuD_2	97.85
gmuE	gmuE	99.17
gor	gor	98.84
gph_1	gph_1	98.30
gph_2	gph_2	99.66
gpmA_1	gpmA_1	99.71
gpmA_2	gpmA_2	97.33
gpsA	gpsA	99.81
gpsB	gpsB	99.78
gpx1	gpx1	92.50
greA	greA	99.81
groL	groL	99.35
groS	groS	99.74
group_1	group_1	98.78
group_100	group_100	99.52
group_1000	group_1000	98.64
group_1001	group_1001	98.62
group_1002	group_1002	99.46
group_1003	group_1003	99.76
group_1004	group_1004	97.17
group_1005	group_1005	99.47
group_1006	group_1006	93.91
group_1008	group_1008	99.39
group_1009	group_1009	98.42
group_1010	group_1010	96.74
group_1011	group_1011	87.08
group_1012	group_1012	98.72
group_1013	group_1013	98.97
group_1014	group_1014	98.74
group_1015	group_1015	99.32
group_1016	group_1016	99.48
group_1017	group_1017	99.45
group_1018	group_1018	95.92
group_102	group_102	99.50
group_1020	group_1020	98.07
group_1022	group_1022	97.31
group_1024	group_1024	98.86
group_1026	group_1026	86.67
group_1027	group_1027	64.44
group_1029	group_1029	99.47
group_103	group_103	99.40
group_1030	group_1030	99.17
group_1031	group_1031	99.34
group_1032	group_1032	98.51
group_1033	group_1033	99.22
group_1034	group_1034	99.34
group_1035	group_1035	97.18
group_1036	group_1036	93.18
group_1038	group_1038	90.47
group_1039	group_1039	99.22
group_104	group_104	99.51
group_1040	group_1040	96.49
group_1041	group_1041	98.73
group_1043	group_1043	99.24
group_1046	group_1046	99.51
group_1047	group_1047	98.43
group_1048	group_1048	98.98
group_1049	group_1049	97.52
group_105	group_105	99.55
group_1050	group_1050	99.66
group_1051	group_1051	99.04
group_1052	group_1052	99.38
group_1053	group_1053	99.13
group_1054	group_1054	97.13
group_1055	group_1055	98.70
group_1056	group_1056	98.83
group_1057	group_1057	80.07
group_106	group_106	99.71
group_1063	group_1063	99.02
group_1064	group_1064	95.51
group_1066	group_1066	99.10
group_1067	group_1067	96.97
group_1069	group_1069	98.28
group_1070	group_1070	98.90
group_1071	group_1071	98.64
group_1074	group_1074	79.29
group_1075	group_1075	97.39
group_1076	group_1076	98.75
group_1077	group_1077	99.46
group_1078	group_1078	98.46
group_1079	group_1079	98.95
group_108	group_108	99.29
group_1080	group_1080	94.80
group_1081	group_1081	81.29
group_1082	group_1082	99.01
group_1083	group_1083	99.35
group_1084	group_1084	61.55
group_1085	group_1085	98.44
group_1086	group_1086	98.48
group_1088	group_1088	99.00
group_109	group_109	99.33
group_1091	group_1091	97.84
group_1092	group_1092	69.31
group_1096	group_1096	86.66
group_1097	group_1097	80.86
group_1098	group_1098	81.16
group_11	group_11	99.47
group_110	group_110	99.50
group_1100	group_1100	98.64
group_1101	group_1101	98.81
group_1102	group_1102	97.13
group_1106	group_1106	98.46
group_1108	group_1108	98.67
group_1109	group_1109	95.24
group_1111	group_1111	99.83
group_1114	group_1114	99.43
group_1117	group_1117	99.20
group_1118	group_1118	99.45
group_1119	group_1119	66.97
group_1120	group_1120	99.36
group_1124	group_1124	98.85
group_1126	group_1126	76.04
group_1128	group_1128	99.22
group_113	group_113	98.80
group_1133	group_1133	99.37
group_1134	group_1134	98.59
group_1138	group_1138	83.31
group_114	group_114	99.32
group_1146	group_1146	79.92
group_1147	group_1147	79.56
group_1148	group_1148	68.20
group_115	group_115	99.52
group_1152	group_1152	98.89
group_1153	group_1153	81.98
group_1154	group_1154	96.16
group_1155	group_1155	96.55
group_1156	group_1156	99.22
group_1158	group_1158	97.24
group_1159	group_1159	82.15
group_1160	group_1160	81.63
group_1162	group_1162	67.61
group_1165	group_1165	98.85
group_1166	group_1166	47.48
group_1179	group_1179	98.22
group_118	group_118	99.43
group_1183	group_1183	98.41
group_1184	group_1184	97.45
group_1187	group_1187	92.53
group_1189	group_1189	97.34
group_1191	group_1191	95.64
group_1192	group_1192	96.64
group_1193	group_1193	65.79
group_1195	group_1195	98.82
group_12	group_12	99.57
group_1200	group_1200	97.33
group_1201	group_1201	97.37
group_1203	group_1203	91.51
group_1204	group_1204	92.55
group_1208	group_1208	98.74
group_1219	group_1219	98.90
group_122	group_122	99.45
group_1221	group_1221	95.66
group_1223	group_1223	89.08
group_1225	group_1225	98.60
group_1226	group_1226	98.46
group_1227	group_1227	97.54
group_1228	group_1228	95.90
group_1230	group_1230	98.36
group_1231	group_1231	92.74
group_1237	group_1237	96.21
group_1238	group_1238	97.49
group_1240	group_1240	78.05
group_1244	group_1244	98.53
group_1247	group_1247	94.73
group_1248	group_1248	97.41
group_125	group_125	99.61
group_1252	group_1252	97.04
group_1253	group_1253	98.05
group_126	group_126	99.41
group_1260	group_1260	98.39
group_1262	group_1262	97.93
group_1263	group_1263	96.99
group_1265	group_1265	97.17
group_1266	group_1266	97.45
group_1270	group_1270	79.53
group_1272	group_1272	97.05
group_1273	group_1273	97.28
group_1276	group_1276	95.67
group_129	group_129	99.14
group_1290	group_1290	97.94
group_131	group_131	99.48
group_1313	group_1313	93.09
group_132	group_132	98.78
group_1323	group_1323	95.42
group_133	group_133	98.59
group_1334	group_1334	78.81
group_1338	group_1338	98.66
group_1339	group_1339	68.21
group_134	group_134	99.36
group_1340	group_1340	97.44
group_1341	group_1341	97.10
group_1344	group_1344	97.75
group_1347	group_1347	78.57
group_1349	group_1349	89.48
group_1354	group_1354	97.54
group_1356	group_1356	98.38
group_1357	group_1357	94.43
group_1358	group_1358	91.72
group_1361	group_1361	53.74
group_1368	group_1368	91.49
group_1375	group_1375	90.43
group_1380	group_1380	95.59
group_1381	group_1381	98.12
group_1385	group_1385	98.82
group_139	group_139	99.84
group_14	group_14	99.08
group_140	group_140	99.71
group_1404	group_1404	65.86
group_1414	group_1414	72.01
group_1454	group_1454	88.81
group_146	group_146	99.36
group_1497	group_1497	96.67
group_1498	group_1498	95.54
group_15	group_15	99.52
group_150	group_150	99.53
group_151	group_151	99.57
group_156	group_156	99.60
group_160	group_160	99.39
group_164	group_164	99.47
group_165	group_165	99.67
group_167	group_167	99.81
group_170	group_170	99.27
group_171	group_171	99.44
group_174	group_174	99.56
group_175	group_175	99.60
group_176	group_176	99.61
group_178	group_178	99.63
group_180	group_180	99.22
group_182	group_182	99.46
group_184	group_184	99.67
group_185	group_185	99.31
group_186	group_186	99.37
group_187	group_187	99.93
group_188	group_188	99.40
group_190	group_190	99.51
group_191	group_191	99.59
group_193	group_193	99.25
group_194	group_194	99.39
group_197	group_197	99.60
group_200	group_200	98.18
group_201	group_201	99.41
group_204	group_204	99.63
group_205	group_205	99.50
group_206	group_206	99.67
group_207	group_207	98.42
group_209	group_209	99.48
group_211	group_211	99.57
group_215	group_215	99.54
group_217	group_217	99.81
group_218	group_218	97.72
group_219	group_219	99.81
group_222	group_222	99.19
group_225	group_225	99.65
group_226	group_226	99.60
group_227	group_227	99.29
group_228	group_228	99.81
group_230	group_230	99.79
group_231	group_231	99.58
group_233	group_233	99.62
group_234	group_234	99.58
group_235	group_235	99.65
group_240	group_240	99.59
group_241	group_241	99.59
group_243	group_243	99.64
group_244	group_244	99.56
group_248	group_248	99.68
group_25	group_25	98.79
group_250	group_250	99.84
group_253	group_253	99.53
group_256	group_256	98.87
group_257	group_257	99.15
group_258	group_258	99.58
group_260	group_260	99.57
group_261	group_261	99.46
group_265	group_265	99.52
group_266	group_266	99.55
group_269	group_269	99.86
group_27	group_27	99.39
group_271	group_271	99.20
group_272	group_272	99.55
group_273	group_273	99.60
group_277	group_277	98.78
group_28	group_28	99.37
group_282	group_282	99.73
group_286	group_286	99.11
group_294	group_294	98.94
group_296	group_296	99.83
group_297	group_297	98.28
group_3	group_3	99.46
group_301	group_301	99.15
group_304	group_304	98.71
group_305	group_305	99.77
group_307	group_307	99.47
group_314	group_314	99.76
group_315	group_315	99.60
group_32	group_32	98.12
group_322	group_322	99.46
group_323	group_323	98.91
group_324	group_324	99.69
group_325	group_325	99.85
group_326	group_326	99.75
group_327	group_327	99.86
group_329	group_329	99.44
group_330	group_330	99.77
group_334	group_334	99.42
group_335	group_335	99.30
group_338	group_338	99.58
group_339	group_339	99.66
group_34	group_34	99.31
group_344	group_344	99.13
group_345	group_345	99.60
group_346	group_346	99.01
group_348	group_348	99.55
group_35	group_35	99.54
group_350	group_350	99.48
group_351	group_351	99.11
group_352	group_352	99.33
group_353	group_353	99.54
group_354	group_354	99.66
group_358	group_358	98.95
group_36	group_36	98.48
group_360	group_360	98.32
group_361	group_361	99.34
group_367	group_367	99.28
group_368	group_368	99.43
group_376	group_376	99.55
group_377	group_377	99.72
group_378	group_378	99.65
group_38	group_38	99.63
group_383	group_383	99.70
group_384	group_384	99.59
group_385	group_385	99.65
group_387	group_387	99.34
group_391	group_391	99.83
group_392	group_392	99.64
group_395	group_395	99.66
group_398	group_398	99.62
group_399	group_399	99.52
group_40	group_40	99.43
group_400	group_400	99.67
group_404	group_404	99.56
group_405	group_405	99.63
group_406	group_406	99.40
group_416	group_416	99.68
group_419	group_419	99.67
group_42	group_42	99.67
group_420	group_420	99.77
group_424	group_424	99.37
group_426	group_426	99.53
group_429	group_429	99.61
group_430	group_430	100.00
group_433	group_433	99.72
group_436	group_436	99.68
group_438	group_438	99.63
group_439	group_439	99.76
group_440	group_440	99.60
group_441	group_441	99.09
group_443	group_443	99.57
group_445	group_445	99.61
group_446	group_446	99.48
group_451	group_451	99.70
group_452	group_452	99.39
group_455	group_455	99.54
group_456	group_456	97.48
group_458	group_458	99.73
group_459	group_459	99.47
group_46	group_46	99.70
group_461	group_461	99.88
group_463	group_463	99.81
group_47	group_47	99.06
group_470	group_470	99.38
group_476	group_476	99.56
group_479	group_479	99.22
group_48	group_48	99.41
group_483	group_483	99.31
group_489	group_489	99.19
group_49	group_49	99.47
group_490	group_490	99.38
group_494	group_494	99.90
group_495	group_495	99.44
group_499	group_499	99.39
group_511	group_511	99.87
group_52	group_52	99.09
group_53	group_53	97.91
group_531	group_531	99.75
group_534	group_534	99.36
group_535	group_535	99.82
group_536	group_536	99.42
group_546	group_546	99.72
group_547	group_547	99.47
group_553	group_553	99.37
group_554	group_554	99.22
group_56	group_56	98.29
group_563	group_563	99.76
group_564	group_564	99.37
group_567	group_567	99.70
group_569	group_569	99.70
group_570	group_570	99.74
group_575	group_575	99.83
group_59	group_59	99.66
group_593	group_593	99.80
group_594	group_594	98.66
group_598	group_598	99.43
group_6	group_6	99.62
group_601	group_601	99.58
group_602	group_602	99.51
group_606	group_606	99.55
group_608	group_608	99.43
group_61	group_61	99.38
group_616	group_616	99.73
group_625	group_625	99.77
group_626	group_626	99.61
group_627	group_627	99.77
group_628	group_628	99.30
group_629	group_629	99.36
group_63	group_63	98.96
group_635	group_635	99.48
group_64	group_64	99.43
group_649	group_649	99.31
group_651	group_651	99.45
group_652	group_652	99.87
group_656	group_656	99.34
group_657	group_657	99.51
group_66	group_66	99.20
group_662	group_662	99.93
group_663	group_663	99.75
group_665	group_665	100.00
group_67	group_67	99.72
group_677	group_677	99.32
group_678	group_678	99.77
group_679	group_679	99.00
group_68	group_68	99.61
group_680	group_680	99.64
group_689	group_689	99.54
group_690	group_690	99.27
group_695	group_695	99.83
group_696	group_696	99.50
group_698	group_698	99.70
group_70	group_70	99.39
group_704	group_704	99.80
group_721	group_721	99.78
group_725	group_725	99.79
group_726	group_726	99.63
group_737	group_737	99.62
group_742	group_742	99.77
group_744	group_744	100.00
group_745	group_745	99.78
group_748	group_748	98.70
group_75	group_75	99.58
group_755	group_755	99.74
group_756	group_756	99.62
group_757	group_757	100.00
group_758	group_758	98.71
group_76	group_76	99.68
group_775	group_775	99.70
group_78	group_78	99.50
group_780	group_780	99.75
group_788	group_788	99.91
group_792	group_792	100.00
group_8	group_8	99.63
group_800	group_800	99.45
group_815	group_815	99.72
group_82	group_82	99.16
group_822	group_822	99.80
group_825	group_825	100.00
group_829	group_829	99.65
group_830	group_830	100.00
group_836	group_836	99.39
group_84	group_84	99.54
group_85	group_85	99.65
group_857	group_857	99.28
group_864	group_864	99.38
group_87	group_87	99.01
group_873	group_873	99.78
group_876	group_876	99.87
group_879	group_879	99.64
group_88	group_88	99.72
group_881	group_881	99.64
group_890	group_890	100.00
group_891	group_891	99.86
group_899	group_899	100.00
group_9	group_9	99.24
group_90	group_90	99.10
group_902	group_902	99.70
group_911	group_911	100.00
group_918	group_918	100.00
group_93	group_93	99.61
group_931	group_931	100.00
group_94	group_94	99.54
group_959	group_959	99.73
group_96	group_96	98.87
group_960	group_960	99.77
group_995	group_995	96.34
group_996	group_996	92.80
group_997	group_997	99.40
group_998	group_998	97.94
grpE	grpE	99.06
gsiC	gsiC	98.72
gtaB_1	gtaB_1	99.56
gtaB_2	gtaB_2	99.49
guaA	guaA	99.75
guaB	guaB	99.49
guaC	guaC	98.87
gyrA	gyrA	99.64
gyrB_1___gyrB_2___gyrB	gyrB_1___gyrB_2___gyrB	79.93
hasB_2___hasB_1___hasB	hasB_2___hasB_1___hasB	81.46
hcaR___cynR	hcaR___cynR	76.13
hel	hel	99.85
hemW	hemW	98.48
hflX	hflX	99.00
hisS	hisS	98.44
hit	hit	99.67
hmo	hmo	99.29
hmpT	hmpT	99.04
hpdA	hpdA	95.26
hpf	hpf	99.75
hprK	hprK	99.64
hpt	hpt	99.77
hrcA	hrcA	99.45
hsdR	hsdR	98.59
hslO	hslO	99.01
htpX	htpX	99.36
htrA	htrA	99.54
hup	hup	100.00
hutG	hutG	98.89
hutH_2___hutH_1___hutH	hutH_2___hutH_1___hutH	81.37
hutI	hutI	99.11
hutU	hutU	96.97
hxlR	hxlR	82.48
ide	ide	56.30
ileS	ileS	96.96
ilvE	ilvE	99.53
infA	infA	93.06
infB	infB	99.05
infC	infC	100.00
iolU	iolU	95.73
iscS_1	iscS_1	99.59
iscS_2	iscS_2	99.81
iscU	iscU	99.72
isdE___btuF	isdE___btuF	50.21
isdF	isdF	99.23
ispE___ispE_1	ispE___ispE_1	93.74
ispE___ispE_2	ispE___ispE_2	98.98
kdgA	kdgA	99.66
kdgK___kdgK_1	kdgK___kdgK_1	97.34
kdgR	kdgR	97.11
kduD	kduD	98.08
ktrA	ktrA	98.44
ktrB	ktrB	99.52
kup	kup	97.27
lacA_1	lacA_1	97.88
lacA_2	lacA_2	99.22
lacB_1	lacB_1	93.57
lacB_2	lacB_2	96.73
lacC_1	lacC_1	99.36
lacC_3	lacC_3	97.16
lacD1	lacD1	99.70
lacD2	lacD2	98.63
lacE	lacE	96.98
lacF_1	lacF_1	94.90
lacF_2	lacF_2	99.70
lacG	lacG	97.30
lacR_2	lacR_2	98.89
lacR_2___lacR_1	lacR_2___lacR_1	97.28
lacR_3	lacR_3	98.90
lacZ	lacZ	99.10
lafA	lafA	84.87
larR	larR	99.56
ldh1	ldh1	99.45
lemA	lemA	99.89
lepA	lepA	73.22
leuS	leuS	98.04
levE	levE	99.05
lgt	lgt	99.57
liaR	liaR	96.88
licA	licA	98.86
licC	licC	97.86
licR_1	licR_1	99.47
licR_2	licR_2	97.42
licT	licT	99.64
ligA	ligA	99.57
lipL	lipL	99.44
lnrL_1	lnrL_1	99.00
lnrL_2	lnrL_2	99.80
lnrM	lnrM	81.03
lnrN	lnrN	99.59
lolD	lolD	99.52
lplA	lplA	99.51
lplJ	lplJ	99.19
lrp	lrp	97.83
lspA	lspA	99.29
ltaS1	ltaS1	99.57
luxS	luxS	99.84
lysS	lysS	99.37
lytG	lytG	99.36
malQ	malQ	95.89
malR	malR	99.71
malX_1	malX_1	99.60
manA	manA	99.55
manX_1___manX_2	manX_1___manX_2	97.90
manX_2	manX_2	99.81
manZ_1___manZ_3	manZ_1___manZ_3	96.20
manZ_2	manZ_2	98.85
manZ_3	manZ_3	99.84
map	map	99.66
mapP	mapP	92.74
mapZ	mapZ	99.16
mat	mat	99.64
mdrP	mdrP	80.73
mdtG	mdtG	97.49
mecA	mecA	99.74
menF	menF	96.95
menH	menH	99.70
metC	metC	89.93
metG	metG	97.81
metK	metK	99.55
metN	metN	99.04
metP	metP	99.54
metQ	metQ	99.67
mfd	mfd	98.97
mgsR	mgsR	98.59
mhqR	mhqR	99.65
miaA	miaA	98.50
misCA	misCA	99.31
mltF_1	mltF_1	99.41
mltF_2	mltF_2	99.62
mltG	mltG	99.56
mneS___fieF	mneS___fieF	90.19
mngB	mngB	95.88
mnmA	mnmA	99.49
mnmE	mnmE	98.43
mnmG	mnmG	98.82
mntB	mntB	99.41
mntR	mntR	98.94
mraY	mraY	98.04
mrnC	mrnC	98.59
mscL	mscL	97.72
msmX	msmX	97.99
msrA	msrA	97.80
msrAB	msrAB	98.19
msrB	msrB	98.25
msrC	msrC	99.29
mtcA1	mtcA1	99.19
mtgA_1	mtgA_1	99.40
mtgA_2	mtgA_2	99.54
mtnN	mtnN	99.52
mtsA	mtsA	99.55
murA1_1	murA1_1	98.92
murA1_2	murA1_2	99.65
murB	murB	99.63
murC	murC	99.73
murD	murD	99.48
murE	murE	99.40
murF	murF	94.71
murG	murG	99.68
murI	murI	99.54
murJ	murJ	97.57
murT	murT	97.27
mutL	mutL	98.76
mutM	mutM	99.31
mutS	mutS	98.89
mutS2	mutS2	98.97
mutX	mutX	99.67
mutY	mutY	99.40
mvaA	mvaA	99.60
mvaS	mvaS	99.28
nadC	nadC	99.78
nadD	nadD	99.10
nadE	nadE	97.25
nadK	nadK	99.58
nadR	nadR	99.49
nagB	nagB	97.64
nagR_1	nagR_1	95.39
nagR_2	nagR_2	100.00
naiP	naiP	99.32
nanA	nanA	98.57
nanE	nanE	98.97
neuA	neuA	99.44
niaX	niaX	99.73
nikE	nikE	99.10
npr	npr	99.64
nrdD_1	nrdD_1	99.87
nrdD_2	nrdD_2	99.77
nrdE	nrdE	99.09
nrdE2	nrdE2	99.15
nrdF	nrdF	98.95
nrdF_2	nrdF_2	99.42
nrdH	nrdH	97.06
nrdI	nrdI	99.09
nrdR	nrdR	99.58
nrnA	nrnA	99.53
ntcA	ntcA	99.42
nth	nth	99.31
ntpA	ntpA	99.53
ntpB	ntpB	99.62
ntpC	ntpC	99.38
ntpD	ntpD	99.03
ntpG	ntpG	99.47
ntpK	ntpK	99.47
nudL	nudL	96.38
nupX	nupX	99.65
nusA	nusA	99.58
nusB	nusB	99.55
nusG	nusG	99.76
nylA	nylA	96.91
oadA___oadA_1	oadA___oadA_1	94.28
oatA	oatA	80.50
obg	obg	98.34
oppC	oppC	99.70
oppD_1	oppD_1	99.78
oppD_2	oppD_2	99.02
oppF	oppF	99.23
opuAA	opuAA	99.69
opuCA	opuCA	99.06
paaJ	paaJ	99.12
pabA	pabA	98.11
panT	panT	99.48
parC	parC	98.79
parE	parE	98.02
pbpX	pbpX	99.68
pchR	pchR	98.18
pcp	pcp	99.73
pcrA	pcrA	99.47
pdhC	pdhC	99.28
pdxK	pdxK	99.49
pepA	pepA	98.94
pepC	pepC	99.27
pepD	pepD	98.15
pepDA	pepDA	79.65
pepF1_1	pepF1_1	98.15
pepF1_2	pepF1_2	96.73
pepN	pepN	99.61
pepO	pepO	98.69
pepQ	pepQ	99.20
pepT	pepT	99.50
pepV	pepV	97.23
pepX	pepX	99.54
perR	perR	99.58
pfkA	pfkA	99.60
pflA	pflA	99.28
pflB	pflB	99.34
pgcA_1	pgcA_1	99.42
pgcA_2	pgcA_2	99.55
pgdA	pgdA	99.53
pgi	pgi	98.21
pgk_1___pgk_2___pgk	pgk_1___pgk_2___pgk	82.17
pgsA	pgsA	99.53
pgtP	pgtP	98.86
pheS	pheS	97.14
pheT	pheT	98.64
phoU	phoU	99.88
phr___phrA	phr___phrA	94.69
plsC	plsC	99.27
plsX	plsX	99.83
plsY	plsY	99.92
pncB2	pncB2	98.66
pnp	pnp	97.91
polA	polA	99.05
polC	polC	98.20
ponA	ponA	99.66
potA_1	potA_1	99.34
potA_2	potA_2	99.51
potB	potB	98.75
potD	potD	98.74
ppaC	ppaC	99.69
ppc	ppc	99.29
ppm1	ppm1	99.66
prfA	prfA	99.21
prfB	prfB	99.42
prfC	prfC	99.36
priA	priA	98.77
prmA	prmA	97.35
prmC	prmC	99.49
proA	proA	95.62
proB_2___proB_1___proB	proB_2___proB_1___proB	80.02
proC	proC	99.13
proS	proS	98.91
prs	prs	99.66
prs2	prs2	99.66
prsA_1	prsA_1	99.77
prsA_2	prsA_2	99.08
pspA___pspB	pspA___pspB	94.57
pstB3_1	pstB3_1	99.61
pstB3_2	pstB3_2	99.80
pstS1	pstS1	99.51
pta	pta	98.15
pth	pth	99.79
ptsG	ptsG	97.68
ptsH	ptsH	100.00
ptsI	ptsI	99.38
pucK	pucK	98.77
punA	punA	97.65
purA	purA	98.36
purB	purB	98.28
purC_1___purC_2___purC	purC_1___purC_2___purC	82.19
purD	purD	95.07
purE	purE	88.99
purF	purF	99.22
purH_1___purH_2___purH	purH_1___purH_2___purH	80.25
purK	purK	95.61
purL	purL	97.42
purM	purM	97.28
purN	purN	99.30
purR_1	purR_1	99.89
pyk	pyk	99.39
pyrB	pyrB	98.74
pyrC	pyrC	99.56
pyrDA	pyrDA	98.89
pyrE	pyrE	99.70
pyrF	pyrF	99.58
pyrG	pyrG	99.51
pyrH	pyrH	99.77
pyrP	pyrP	98.57
pyrR	pyrR	98.35
qmcA	qmcA	99.50
queA_2___queA_1___queA	queA_2___queA_1___queA	82.19
queG	queG	97.53
queH	queH	98.99
queT	queT	99.09
radA	radA	99.03
rapA	rapA	99.48
rasP	rasP	99.62
rbfA	rbfA	99.10
rbgA	rbgA	96.46
rbsR_2	rbsR_2	99.49
rbsR___kdgR_2___rbsR_1	rbsR___kdgR_2___rbsR_1	67.59
rcsC_2	rcsC_2	99.27
recA	recA	99.53
recD2	recD2	98.31
recF	recF	99.49
recG	recG	99.36
recJ	recJ	81.81
recN	recN	98.95
recO	recO	99.78
recR	recR	99.74
recU	recU	99.21
regX3	regX3	99.57
relA	relA	98.42
resA	resA	98.89
rex	rex	99.81
rexB	rexB	99.40
rfbA	rfbA	99.10
rfbC	rfbC	99.76
rhaR_3___rhaR	rhaR_3___rhaR	97.35
ribF	ribF	99.43
ribU	ribU	99.26
ribZ	ribZ	99.36
rimM	rimM	95.07
rimP	rimP	99.42
rlmCD	rlmCD	99.21
rlmH_1___rlmH_2___rlmH	rlmH_1___rlmH_2___rlmH	75.42
rlmI	rlmI	99.81
rlmL	rlmL	98.31
rlmN	rlmN	99.69
rluB	rluB	99.24
rluD_1	rluD_1	99.22
rluD_2	rluD_2	99.54
rmlB	rmlB	98.32
rnc	rnc	99.71
rnhB	rnhB	97.10
rnhC	rnhC	99.77
rnj1	rnj1	99.66
rnj2	rnj2	99.58
rnmV	rnmV	97.81
rnpA	rnpA	99.67
rnr	rnr	98.43
rny	rny	99.64
rnz	rnz	99.65
rpe	rpe	98.90
rpiA	rpiA	99.07
rpiR	rpiR	99.61
rplA	rplA	99.44
rplB	rplB	99.73
rplC	rplC	99.77
rplD	rplD	99.85
rplE	rplE	99.83
rplF	rplF	99.69
rplGA	rplGA	99.88
rplI	rplI	99.51
rplJ	rplJ	99.74
rplK	rplK	99.81
rplL	rplL	99.84
rplM	rplM	99.40
rplN	rplN	99.95
rplO	rplO	99.91
rplP	rplP	100.00
rplQ	rplQ	99.95
rplR	rplR	100.00
rplS	rplS	99.78
rplT	rplT	99.35
rplU	rplU	99.85
rplV	rplV	99.94
rplW	rplW	99.81
rplX	rplX	99.82
rpmA	rpmA	99.84
rpmB	rpmB	99.60
rpmC	rpmC	95.38
rpmD	rpmD	99.89
rpmE2	rpmE2	99.52
rpmF	rpmF	99.45
rpmG3	rpmG3	99.65
rpmGA	rpmGA	98.96
rpmH	rpmH	100.00
rpmI	rpmI	99.90
rpmJ	rpmJ	100.00
rpoA	rpoA	99.71
rpoB_1___rpoB_2___rpoB	rpoB_1___rpoB_2___rpoB	81.38
rpoC	rpoC	98.99
rpoE	rpoE	99.87
rpoZ	rpoZ	99.89
rppH	rppH	99.42
rpsA	rpsA	99.76
rpsB	rpsB	99.47
rpsC	rpsC	99.88
rpsD	rpsD	99.73
rpsE	rpsE	99.96
rpsF	rpsF	99.88
rpsG	rpsG	99.25
rpsH	rpsH	99.91
rpsI	rpsI	99.69
rpsJ	rpsJ	99.94
rpsK	rpsK	99.91
rpsL	rpsL	99.34
rpsM	rpsM	99.90
rpsN2	rpsN2	100.00
rpsO	rpsO	98.17
rpsP	rpsP	99.87
rpsQ	rpsQ	99.68
rpsR	rpsR	99.77
rpsS	rpsS	99.59
rpsT	rpsT	100.00
rpsU	rpsU	100.00
rpsZ	rpsZ	97.13
rqcH	rqcH	98.75
rsfS	rsfS	99.07
rsgA_2___rsgA_1___rsgA	rsgA_2___rsgA_1___rsgA	80.86
rsmA	rsmA	98.99
rsmB	rsmB	98.59
rsmC	rsmC	99.08
rsmD	rsmD	99.82
rsmE	rsmE	97.05
rsmF	rsmF	99.53
rsmG	rsmG	99.08
rsmH	rsmH	99.68
rsmI	rsmI	99.11
rsuA_1	rsuA_1	99.34
rsuA_2	rsuA_2	95.63
rutB	rutB	99.59
ruvA	ruvA	97.14
ruvB	ruvB	96.78
salA	salA	99.21
sarA	sarA	99.53
sasA_2	sasA_2	99.49
sasA_3	sasA_3	99.63
scaC	scaC	99.60
scpA_1	scpA_1	99.31
scpA_2	scpA_2	96.69
scpB	scpB	99.55
scrB	scrB	98.95
sdhA	sdhA	99.71
sdhB	sdhB	99.64
sdh___ydfG_2___ydfG___ydfG_1	sdh___ydfG_2___ydfG___ydfG_1	56.27
secA	secA	99.29
secG	secG	100.00
secY_1___secY_2___secY	secY_1___secY_2___secY	81.91
sepF	sepF	99.58
serP1	serP1	99.66
serS	serS	99.10
sigA	sigA	98.86
skc_1___skc___skc_2	skc_1___skc___skc_2	73.64
slo	slo	99.12
smc_1	smc_1	99.35
smc_2	smc_2	99.39
smpB	smpB	98.75
sodA	sodA	99.27
sorA	sorA	99.57
sorC	sorC	99.36
speB_1	speB_1	99.30
speB_2	speB_2	99.77
speC_1	speC_1	84.89
sph	sph	98.76
spo0C	spo0C	99.53
spsB_2	spsB_2	99.78
spxA_1	spxA_1	99.68
spxA_2	spxA_2	99.63
srlR	srlR	98.61
ssb_1	ssb_1	98.95
ssb_2	ssb_2	99.27
sstT	sstT	99.68
sthA	sthA	98.89
stkP	stkP	99.55
strA	strA	99.55
strL___rmlD	strL___rmlD	81.69
sufS	sufS	99.64
suhB	suhB	99.61
tadA_1	tadA_1	96.68
tadA_2	tadA_2	95.66
tag	tag	98.81
tagG	tagG	99.72
tagO	tagO	98.79
tagU	tagU	99.50
tagU_2	tagU_2	99.27
tal_1	tal_1	99.35
tal_2	tal_2	99.08
tcyA_1	tcyA_1	99.50
tcyN	tcyN	99.55
tdk	tdk	99.52
tgnB	tgnB	99.73
tgt	tgt	99.76
thiI	thiI	99.32
thiN	thiN	98.27
thiO	thiO	98.67
thiT	thiT	95.92
thlA_1	thlA_1	99.62
thlA_2	thlA_2	97.88
thrS	thrS	99.35
thyA	thyA	99.46
tig	tig	99.70
tilS	tilS	99.17
tkt	tkt	98.93
tlyA	tlyA	99.00
tmcAL	tmcAL	99.47
tmk	tmk	99.42
tmpC_1	tmpC_1	99.36
tmpC_2	tmpC_2	99.55
topA	topA	97.16
tpiA	tpiA	99.61
treA	treA	98.75
treR	treR	99.48
trmB	trmB	99.59
trmD	trmD	97.42
trmFO	trmFO	93.30
trmK	trmK	99.46
trmL	trmL	99.66
trmR	trmR	98.46
trpS2	trpS2	82.29
truA	truA	99.72
truB	truB	99.34
trxA	trxA	99.71
trxB	trxB	98.66
tsaB	tsaB	99.42
tsaD	tsaD	99.56
tsaE	tsaE	99.63
tsf	tsf	99.63
tuf	tuf	96.73
typA	typA	99.45
tyrS	tyrS	99.02
udk	udk	99.80
udp	udp	99.69
ugd	ugd	99.55
ugl	ugl	97.42
ulaA_1	ulaA_1	98.96
ulaA_2	ulaA_2	95.24
ulaB	ulaB	99.38
ulaC	ulaC	98.62
ulaD	ulaD	98.38
ulaE	ulaE	99.44
ulaG	ulaG	99.67
ung	ung	98.66
upp	upp	99.44
uppP	uppP	99.52
uppS	uppS	99.51
uvrA	uvrA	98.54
uvrB_2	uvrB_2	99.70
uvrC	uvrC	99.11
valS	valS	97.21
vanYB	vanYB	91.18
walK	walK	99.71
walR	walR	99.61
whiA	whiA	99.28
xerS	xerS	99.40
xpt	xpt	99.53
xseA	xseA	99.67
xseB	xseB	99.91
xylG	xylG	99.70
xylH	xylH	100.00
yaaA	yaaA	98.71
yabA	yabA	99.61
yabJ	yabJ	99.55
ybeY	ybeY	99.79
ybeZ	ybeZ	99.48
ybhL	ybhL	99.62
ybiT_1	ybiT_1	96.37
ybiT_2	ybiT_2	99.67
ybiT_3___ybiT_4	ybiT_3___ybiT_4	81.43
ybjI	ybjI	99.68
yccU	yccU	99.05
yceM	yceM	97.90
ychF	ychF	99.46
ycjP	ycjP	99.80
yckB	yckB	98.99
ydcV	ydcV	99.81
yecS	yecS	96.50
yeeN	yeeN	99.50
yeeO	yeeO	99.23
yfcJ	yfcJ	99.40
yfeW	yfeW	99.46
yfiC	yfiC	96.35
yfiZ	yfiZ	99.65
yfkJ	yfkJ	99.71
yfmL	yfmL	99.34
yggS	yggS	99.58
yhaM	yhaM	99.14
yhbY	yhbY	99.88
yhdG	yhdG	97.98
yhfT	yhfT	96.99
yhgF	yhgF	99.51
yhjX	yhjX	99.73
yibN	yibN	98.97
yidA_1	yidA_1	99.27
yidA_2	yidA_2	99.75
yidC2	yidC2	99.37
yitU	yitU	99.38
yjbK	yjbK	99.49
yjbM	yjbM	99.63
yknX_1	yknX_1	99.53
yknX_2	yknX_2	98.97
yknY_1	yknY_1	99.56
yknY_2	yknY_2	99.32
yknZ_1	yknZ_1	99.65
yknZ_2	yknZ_2	99.37
ykoD	ykoD	99.41
ykuT	ykuT	99.75
ylbL	ylbL	99.81
ypdF	ypdF	98.15
ypjQ	ypjQ	97.99
yqeH	yqeH	97.66
yqeN	yqeN	96.48
yqgQ	yqgQ	99.76
yrrK	yrrK	99.69
yteP	yteP	98.63
ytpP	ytpP	98.20
yugI	yugI	99.61
yumC	yumC	99.72
yusV	yusV	99.82
yutF	yutF	98.97
yvcJ	yvcJ	99.79
yvgN	yvgN	99.49
ywlC	ywlC	99.32
yxeN	yxeN	99.41
yycJ	yycJ	99.27
znuA	znuA	99.26
znuB	znuB	99.73
znuC	znuC	99.58
zosA	zosA	98.50
